{"current":{"colors_solid_button_labels":"#fff","colors_accent_1":"#cda349","gradient_accent_1":"","colors_accent_2":"#cda349","gradient_accent_2":"","colors_text":"#000000","colors_outline_button_labels":"#000000","colors_background_1":"#ffffff","gradient_background_1":"","colors_background_2":"#f3f3f3","gradient_background_2":"","type_header_font":"josefin_sans_n4","heading_scale":100,"type_body_font":"josefin_sans_n4","body_scale":105,"page_width":1200,"spacing_sections":0,"spacing_grid_horizontal":8,"spacing_grid_vertical":8,"buttons_border_thickness":1,"buttons_border_opacity":100,"buttons_radius":2,"buttons_shadow_opacity":20,"buttons_shadow_horizontal_offset":0,"buttons_shadow_vertical_offset":4,"buttons_shadow_blur":5,"variant_pills_border_thickness":1,"variant_pills_border_opacity":55,"variant_pills_radius":40,"variant_pills_shadow_opacity":0,"variant_pills_shadow_horizontal_offset":0,"variant_pills_shadow_vertical_offset":4,"variant_pills_shadow_blur":5,"inputs_border_thickness":1,"inputs_border_opacity":55,"inputs_radius":0,"inputs_shadow_opacity":0,"inputs_shadow_horizontal_offset":0,"inputs_shadow_vertical_offset":4,"inputs_shadow_blur":5,"card_style":"card","card_image_padding":0,"card_text_alignment":"left","card_color_scheme":"inverse","card_border_thickness":0,"card_border_opacity":10,"card_corner_radius":0,"card_shadow_opacity":0,"card_shadow_horizontal_offset":0,"card_shadow_vertical_offset":4,"card_shadow_blur":5,"collection_card_style":"standard","collection_card_image_padding":0,"collection_card_text_alignment":"left","collection_card_color_scheme":"background-2","collection_card_border_thickness":0,"collection_card_border_opacity":10,"collection_card_corner_radius":0,"collection_card_shadow_opacity":0,"collection_card_shadow_horizontal_offset":0,"collection_card_shadow_vertical_offset":4,"collection_card_shadow_blur":5,"blog_card_style":"standard","blog_card_image_padding":0,"blog_card_text_alignment":"left","blog_card_color_scheme":"background-2","blog_card_border_thickness":0,"blog_card_border_opacity":10,"blog_card_corner_radius":0,"blog_card_shadow_opacity":0,"blog_card_shadow_horizontal_offset":0,"blog_card_shadow_vertical_offset":4,"blog_card_shadow_blur":5,"text_boxes_border_thickness":0,"text_boxes_border_opacity":10,"text_boxes_radius":0,"text_boxes_shadow_opacity":0,"text_boxes_shadow_horizontal_offset":0,"text_boxes_shadow_vertical_offset":4,"text_boxes_shadow_blur":5,"media_border_thickness":1,"media_border_opacity":5,"media_radius":0,"media_shadow_opacity":0,"media_shadow_horizontal_offset":0,"media_shadow_vertical_offset":4,"media_shadow_blur":5,"popup_border_thickness":1,"popup_border_opacity":10,"popup_corner_radius":14,"popup_shadow_opacity":40,"popup_shadow_horizontal_offset":0,"popup_shadow_vertical_offset":4,"popup_shadow_blur":5,"drawer_border_thickness":1,"drawer_border_opacity":10,"drawer_shadow_opacity":0,"drawer_shadow_horizontal_offset":0,"drawer_shadow_vertical_offset":4,"drawer_shadow_blur":5,"badge_position":"bottom left","badge_corner_radius":40,"sale_badge_color_scheme":"accent-1","sold_out_badge_color_scheme":"inverse","accent_icons":"text","social_twitter_link":"","social_facebook_link":"https:\/\/www.facebook.com\/V.K.N.Gcontact","social_pinterest_link":"https:\/\/www.pinterest.fr\/VKNGjewelry\/_shop\/","social_instagram_link":"https:\/\/www.instagram.com\/vkngjewelry\/?hl=fr","social_tiktok_link":"","social_tumblr_link":"","social_snapchat_link":"","social_youtube_link":"https:\/\/www.youtube.com\/channel\/UC9ck2fVmhBioBVqLtcD2HWQ","social_vimeo_link":"","search-text":"Search Relics Here...","predictive_search_enabled":true,"predictive_search_show_vendor":false,"predictive_search_show_price":false,"favicon":"shopify:\/\/shop_images\/carre_1200_x_1200_px_-2.jpg","currency_code_enabled":true,"cart_type":"drawer","show_vendor":false,"show_cart_note":true,"checkout_logo_image":"shopify:\/\/shop_images\/checkout_vkngjewelry.jpg","checkout_logo_position":"center","checkout_logo_size":"large","checkout_body_background_color":"#000000","checkout_accent_color":"#cda349","checkout_button_color":"#cda349","sections":{"announcement-bar":{"type":"announcement-bar","blocks":{"announcement-bar-0":{"type":"announcement","disabled":true,"settings":{"text":"Christmas Gifts: Last days (4-5th) to receive your orders on time with free standard delivery.","text_alignment":"center","color_scheme":"inverse","link":""}},"dc0ceecc-cb9b-42d7-a868-609b2238d7e9":{"type":"announcement","disabled":true,"settings":{"text":"V.K.N.G is: +15000 customers +1200 Products +1500 Reviews","text_alignment":"center","color_scheme":"inverse","link":""}}},"block_order":["announcement-bar-0","dc0ceecc-cb9b-42d7-a868-609b2238d7e9"],"custom_css":[".announcement-bar {border-color: #cda349;}"],"settings":{}},"header":{"type":"header","custom_css":[],"settings":{"color_scheme":"inverse","logo":"shopify:\/\/shop_images\/logo_vkng.png","logo_width":80,"logo_position":"top-center","menu":"nouveau-menu","menu_type_desktop":"mega","show_line_separator":true,"enable_sticky_header":true,"mobile_logo_position":"center","margin_bottom":0,"padding_top":20,"padding_bottom":20,"enable_bar":false,"text":"<p>Halloween (Samhain) Offer : 30% Off On First Line Products<\/p>","link":"shopify:\/\/collections\/first-line","bg":"#cda349","color":"#ffffff"}},"footer":{"type":"footer","blocks":{"footer-1":{"type":"link_list","settings":{"heading":"INFORMATIONS","menu":"footer"}},"8a956115-734d-4a98-9862-7bd6846d4bfe":{"type":"text","settings":{"heading":"CONTACT US","subtext":"<p><a href=\"mailto: CustomerService@vkngjewelry.com\">CustomerService@vkngjewelry.com<\/a> Mon- Fri 9am-6pm (UTC + 1)<\/p><p>Phone (WhatsApp) : <a href=\"tel:+18032818346\">(+33)0670698183<\/a><\/p><p>Postal Adress:<\/p><p>VKNG Jewelry<br\/>21 boulevard Kraëmer<br\/>13014 Marseille FRANCE<\/p>"}},"e4f9320a-1e25-417c-9e36-3e42c0df56a3":{"type":"image","settings":{"image":"shopify:\/\/shop_images\/carte_bureaux_vkng-2.jpg","image_width":300,"alignment":"center"}}},"block_order":["footer-1","8a956115-734d-4a98-9862-7bd6846d4bfe","e4f9320a-1e25-417c-9e36-3e42c0df56a3"],"settings":{"color_scheme":"inverse","newsletter_enable":true,"newsletter_heading":"SUBSCRIBE TO NEWSLETTERS","show_social":true,"enable_country_selector":false,"enable_language_selector":false,"payment_enable":true,"margin_top":4,"padding_top":24,"padding_bottom":0}},"main-password-header":{"type":"main-password-header","settings":{"logo":"{{ shop.brand.logo }}","logo_max_width":100,"color_scheme":"background-1"}},"main-password-footer":{"type":"main-password-footer","settings":{"color_scheme":"background-1"}}},"content_for_index":[],"blocks":{"855628211100114053":{"type":"shopify:\/\/apps\/klaviyo-email-marketing-sms\/blocks\/klaviyo-onsite-embed\/2632fe16-c075-4321-a88b-50b567f42507","disabled":false,"settings":{}},"12793297677437526120":{"type":"shopify:\/\/apps\/t-lab-ai-language-translate\/blocks\/custom_translations\/b5b83690-efd4-434d-8c6a-a5cef4019faf","disabled":false,"settings":{}},"14060646107696862457":{"type":"shopify:\/\/apps\/judge-me-reviews\/blocks\/judgeme_core\/61ccd3b1-a9f2-4160-9fe9-4fec8413e5d8","disabled":false,"settings":{}},"qikify-tmenu-1701320867":{"type":"shopify:\/\/apps\/qikify-smart-menu-mega-menu\/blocks\/app-embed\/19d2f1cd-1836-4a32-8937-03df3c601dc8","disabled":false,"settings":{}},"15122765452592043409":{"type":"shopify:\/\/apps\/propel-upsell-cross-sell\/blocks\/app-embed\/ce9880c6-a665-496a-a9c0-9e830cfe84bc","disabled":false,"settings":{}},"12526071353035850722":{"type":"shopify:\/\/apps\/back-in-stock-customer-alerts\/blocks\/app-embed\/bfa6a8c4-24e2-411a-9396-e35031b33f34","disabled":false,"settings":{}},"2140405073069974119":{"type":"shopify:\/\/apps\/t-lab-ai-language-translate\/blocks\/language_detection\/b5b83690-efd4-434d-8c6a-a5cef4019faf","disabled":false,"settings":{}},"8765772171712610185":{"type":"shopify:\/\/apps\/t-lab-ai-language-translate\/blocks\/language_switcher\/b5b83690-efd4-434d-8c6a-a5cef4019faf","disabled":false,"settings":{"enable_language_switcher":true,"enable_country_region_switcher":false,"use_modal_dialog":false,"use_currency_for_region":false,"switcher_position":"header","show_flags":true,"language_label":"language-code","language_country_mapping":"","countries_filter":"","custom_css":".tl-options {\nbackground-color: #000000 !important;\n}\n\n.tl-flag {\n    width: 22px !important;\n}\n\n.tl-select {\npadding: 8px 5px !important;\n}\n\n.tl-select::after { border-color: #fff !important; }","header_switcher_reference_element":".footer-block--text","header_switcher_relative_position":"in-element","mobile_menu_switcher_reference_element":"","mobile_switcher_relative_position":"after","header_switcher_border_width":1,"switcher_viewport_position":"top-right","custom_position_spacing_top":"55","custom_position_spacing_right":"20","custom_position_spacing_bottom":"20","custom_position_spacing_left":"20","custom_switcher_font_size":"14px","custom_switcher_border_width":1,"custom_switcher_text_color":"#5c5c5c","custom_switcher_background_color":"#000000","custom_switcher_border_color":"#000000"}},"15683396631634586217":{"type":"shopify:\/\/apps\/inbox\/blocks\/chat\/841fc607-4181-4ad1-842d-e24d7f8bad6b","disabled":false,"settings":{"button_color":"#cda349","button_icon":"chat_bubble","button_text":"no_text","button_horizontal_position":"bottom_right","button_vertical_position":"lowest","greeting_message":"👋 Hello! Let us know if you have a specific question, or give an idea of what you're looking for. We're happy to make recommendations."}}}},"presets":{"Default":{"colors_solid_button_labels":"#ffffff","colors_accent_1":"#121212","gradient_accent_1":"","colors_accent_2":"#334fb4","gradient_accent_2":"","colors_text":"#121212","colors_outline_button_labels":"#121212","colors_background_1":"#ffffff","gradient_background_1":"","colors_background_2":"#f3f3f3","gradient_background_2":"","type_header_font":"assistant_n4","heading_scale":100,"type_body_font":"assistant_n4","body_scale":100,"page_width":1200,"spacing_sections":0,"spacing_grid_horizontal":8,"spacing_grid_vertical":8,"buttons_border_thickness":1,"buttons_border_opacity":100,"buttons_radius":0,"buttons_shadow_opacity":0,"buttons_shadow_horizontal_offset":0,"buttons_shadow_vertical_offset":4,"buttons_shadow_blur":5,"variant_pills_border_thickness":1,"variant_pills_border_opacity":55,"variant_pills_radius":40,"variant_pills_shadow_opacity":0,"variant_pills_shadow_horizontal_offset":0,"variant_pills_shadow_vertical_offset":4,"variant_pills_shadow_blur":5,"inputs_border_thickness":1,"inputs_border_opacity":55,"inputs_radius":0,"inputs_shadow_opacity":0,"inputs_shadow_horizontal_offset":0,"inputs_shadow_vertical_offset":4,"inputs_shadow_blur":5,"card_style":"standard","card_image_padding":0,"card_text_alignment":"left","card_color_scheme":"background-2","card_border_thickness":0,"card_border_opacity":10,"card_corner_radius":0,"card_shadow_opacity":0,"card_shadow_horizontal_offset":0,"card_shadow_vertical_offset":4,"card_shadow_blur":5,"collection_card_style":"standard","collection_card_image_padding":0,"collection_card_text_alignment":"left","collection_card_color_scheme":"background-2","collection_card_border_thickness":0,"collection_card_border_opacity":10,"collection_card_corner_radius":0,"collection_card_shadow_opacity":0,"collection_card_shadow_horizontal_offset":0,"collection_card_shadow_vertical_offset":4,"collection_card_shadow_blur":5,"blog_card_style":"standard","blog_card_image_padding":0,"blog_card_text_alignment":"left","blog_card_color_scheme":"background-2","blog_card_border_thickness":0,"blog_card_border_opacity":10,"blog_card_corner_radius":0,"blog_card_shadow_opacity":0,"blog_card_shadow_horizontal_offset":0,"blog_card_shadow_vertical_offset":4,"blog_card_shadow_blur":5,"text_boxes_border_thickness":0,"text_boxes_border_opacity":10,"text_boxes_radius":0,"text_boxes_shadow_opacity":0,"text_boxes_shadow_horizontal_offset":0,"text_boxes_shadow_vertical_offset":4,"text_boxes_shadow_blur":5,"media_border_thickness":1,"media_border_opacity":5,"media_radius":0,"media_shadow_opacity":0,"media_shadow_horizontal_offset":0,"media_shadow_vertical_offset":4,"media_shadow_blur":5,"popup_border_thickness":1,"popup_border_opacity":10,"popup_corner_radius":0,"popup_shadow_opacity":0,"popup_shadow_horizontal_offset":0,"popup_shadow_vertical_offset":4,"popup_shadow_blur":5,"drawer_border_thickness":1,"drawer_border_opacity":10,"drawer_shadow_opacity":0,"drawer_shadow_horizontal_offset":0,"drawer_shadow_vertical_offset":4,"drawer_shadow_blur":5,"badge_position":"bottom left","badge_corner_radius":40,"sale_badge_color_scheme":"accent-2","sold_out_badge_color_scheme":"inverse","accent_icons":"text","social_twitter_link":"","social_facebook_link":"","social_pinterest_link":"","social_instagram_link":"","social_tiktok_link":"","social_tumblr_link":"","social_snapchat_link":"","social_youtube_link":"","social_vimeo_link":"","predictive_search_enabled":true,"predictive_search_show_vendor":false,"predictive_search_show_price":false,"currency_code_enabled":true,"cart_type":"notification","show_vendor":false,"show_cart_note":false,"sections":{"announcement-bar":{"type":"announcement-bar","blocks":{"announcement-bar-0":{"type":"announcement","settings":{"text":"Welcome to our store","text_alignment":"center","color_scheme":"background-1","link":""}}},"block_order":["announcement-bar-0"],"settings":{}},"header":{"type":"header","settings":{"color_scheme":"background-1","logo":"{{ shop.brand.logo }}","logo_width":90,"logo_position":"middle-left","menu":"main-menu","menu_type_desktop":"dropdown","show_line_separator":true,"enable_sticky_header":true,"mobile_logo_position":"center","margin_bottom":0,"padding_top":20,"padding_bottom":20,"bg":"#000","color":"#fff"}},"footer":{"type":"footer","blocks":{"footer-0":{"type":"link_list","settings":{"heading":"Quick links","menu":"footer"}},"footer-1":{"type":"link_list","settings":{"heading":"Info","menu":"footer"}},"footer-2":{"type":"text","settings":{"heading":"Our mission","subtext":"<p>Share contact information, store details, and brand content with your customers.<\/p>"}}},"block_order":["footer-0","footer-1","footer-2"],"settings":{"color_scheme":"background-1","newsletter_enable":true,"newsletter_heading":"Subscribe to our emails","show_social":true,"enable_country_selector":false,"enable_language_selector":false,"payment_enable":true,"margin_top":48,"padding_top":36,"padding_bottom":36}},"main-password-header":{"type":"main-password-header","settings":{"logo":"{{ shop.brand.logo }}","logo_max_width":100,"color_scheme":"background-1"}},"main-password-footer":{"type":"main-password-footer","settings":{"color_scheme":"background-1"}}}}}}