{"sections":{"cart-items":{"type":"main-cart-items","settings":{"padding_top":36,"padding_bottom":36}},"cart-footer":{"type":"main-cart-footer","blocks":{"subtotal":{"type":"subtotal","settings":{}},"buttons":{"type":"buttons","settings":{}}},"block_order":["subtotal","buttons"],"settings":{}},"c513575c-538e-476f-a874-355194abef49":{"type":"rich-text","blocks":{"7b828bf8-8f5d-4dd2-91de-7d66ee6db943":{"type":"text","settings":{"text":"<p><strong>Winter Sale<\/strong> from January 2nd to 31st<br\/><br\/><strong>Don't forget to use the code \"WINTERSALE\" at the next step to get 15% extra off !<\/strong><\/p>"}},"1c98d7cb-5989-4a03-97e6-b754c6516479":{"type":"heading","disabled":true,"settings":{"heading":"","heading_size":"h1"}},"template--14586186367042__c513575c-538e-476f-a874-355194abef49-1684539606539da572-1":{"type":"text","disabled":true,"settings":{"text":"<p>While the content of your cart is currently displayed in your currency, you will checkout using US Dollar at the current exchange rate with no fees.<br\/><br\/>Bien que le contenu de votre panier soit actuellement affiché dans votre devise,<br\/>vous passerez à la caisse en utilisant le US Dollar au taux de change actuel sans aucun frais.<br\/><br\/>Obwohl der Inhalt Ihres Einkaufswagens derzeit in Ihrer Währung angezeigt wird, gehen Sie mit der US Dollar zum aktuellen Wechselkurs ohne Gebühren zur Kasse.<\/p>"}}},"block_order":["7b828bf8-8f5d-4dd2-91de-7d66ee6db943","1c98d7cb-5989-4a03-97e6-b754c6516479","template--14586186367042__c513575c-538e-476f-a874-355194abef49-1684539606539da572-1"],"settings":{"desktop_content_position":"center","content_alignment":"center","color_scheme":"background-1","full_width":true,"padding_top":40,"padding_bottom":52}},"featured-collection":{"type":"featured-collection","settings":{"title":"Other Vikings Also Liked","heading_size":"h2","description":"","show_description":false,"description_style":"body","collection":"best-sellers","products_to_show":4,"columns_desktop":4,"full_width":false,"show_view_all":true,"view_all_style":"link","enable_desktop_slider":false,"color_scheme":"inverse","image_ratio":"square","show_secondary_image":true,"show_vendor":false,"show_rating":false,"enable_quick_add":true,"columns_mobile":"2","swipe_on_mobile":true,"padding_top":36,"padding_bottom":36}}},"order":["cart-items","cart-footer","c513575c-538e-476f-a874-355194abef49","featured-collection"]}