{"sections":{"banner":{"type":"main-collection-banner","disabled":true,"settings":{"show_collection_description":false,"show_collection_image":true,"color_scheme":"inverse"}},"fdfa75af-8975-40b5-aaff-5f639dee818e":{"type":"rich-text","blocks":{"65fb8833-e4a0-4bdc-a74f-0c9da9f6abf4":{"type":"caption","settings":{"caption":"Build a Legacy:","text_style":"caption-with-letter-spacing","text_size":"medium"}}},"block_order":["65fb8833-e4a0-4bdc-a74f-0c9da9f6abf4"],"custom_css":[".rich-text {color: #fff; border-top: 1px solid #cda349; \/* Ajoute une bordure de couleur #cda349 *\/ padding: 10px; \/* Ajoute un espace entre le texte et la bordure *\/ border-bottom: 1px solid #cda349;}"],"settings":{"desktop_content_position":"center","content_alignment":"center","color_scheme":"inverse","full_width":true,"padding_top":12,"padding_bottom":12}},"product-grid":{"type":"main-collection-product-grid","settings":{"products_per_page":24,"columns_desktop":3,"image_ratio":"square","show_secondary_image":true,"show_vendor":false,"show_rating":false,"enable_quick_add":false,"enable_filtering":true,"filter_type":"horizontal","enable_sorting":true,"columns_mobile":"2","padding_top":36,"padding_bottom":36}},"da86783b-3afe-48dd-ab68-23e11e0b167c":{"type":"image-banner","blocks":{"template--14586186530882__da86783b-3afe-48dd-ab68-23e11e0b167c-1684542799215160a7-0":{"type":"heading","settings":{"heading":"{{ collection.title }}","heading_size":"h1"}},"c07d7bf5-b361-4017-b207-1a14e5eac1c3":{"type":"text","settings":{"text":"","text_style":"body"}}},"block_order":["template--14586186530882__da86783b-3afe-48dd-ab68-23e11e0b167c-1684542799215160a7-0","c07d7bf5-b361-4017-b207-1a14e5eac1c3"],"disabled":true,"settings":{"image":"{{ collection.image }}","image_overlay_opacity":0,"image_height":"medium","adapt_height_first_image":false,"desktop_content_position":"middle-center","show_text_box":false,"desktop_content_alignment":"center","color_scheme":"background-1","mobile_content_alignment":"center","stack_images_on_mobile":false,"show_text_below":false}},"9cc61f90-14e7-4ea3-9817-685c9acfcad3":{"type":"collection-list","blocks":{"template--19667741966664__9cc61f90-14e7-4ea3-9817-685c9acfcad3-featured_collection-1":{"type":"featured_collection","settings":{"collection":"celtic"}},"template--19667741966664__9cc61f90-14e7-4ea3-9817-685c9acfcad3-featured_collection-2":{"type":"featured_collection","settings":{"collection":"medieval"}},"template--19667741966664__9cc61f90-14e7-4ea3-9817-685c9acfcad3-featured_collection-3":{"type":"featured_collection","settings":{"collection":"viking"}},"70da5ff0-8009-4374-894c-e966ee457cfd":{"type":"featured_collection","settings":{"collection":"wiccan"}}},"block_order":["template--19667741966664__9cc61f90-14e7-4ea3-9817-685c9acfcad3-featured_collection-1","template--19667741966664__9cc61f90-14e7-4ea3-9817-685c9acfcad3-featured_collection-2","template--19667741966664__9cc61f90-14e7-4ea3-9817-685c9acfcad3-featured_collection-3","70da5ff0-8009-4374-894c-e966ee457cfd"],"settings":{"title":"","heading_size":"h1","image_ratio":"adapt","columns_desktop":4,"color_scheme":"inverse","show_view_all":false,"columns_mobile":"1","swipe_on_mobile":false,"padding_top":36,"padding_bottom":0}},"066dd911-d0ec-4efc-bdc8-c2a35c94ab2a":{"type":"custom-liquid","settings":{"custom_liquid":"<div class=\"page-width\"> {{ collection.description }}  <\/div>","color_scheme":"background-1","padding_top":40,"padding_bottom":52}}},"order":["banner","fdfa75af-8975-40b5-aaff-5f639dee818e","product-grid","da86783b-3afe-48dd-ab68-23e11e0b167c","9cc61f90-14e7-4ea3-9817-685c9acfcad3","066dd911-d0ec-4efc-bdc8-c2a35c94ab2a"]}