{"sections":{"5c578ee0-d188-4b0c-aa3c-7752016e39f4":{"type":"slideshow","blocks":{"be4ab87f-79ac-4888-b6d3-a0c72ed29da4":{"type":"slide","disabled":true,"settings":{"image":"shopify:\/\/shop_images\/The_Call_Of_Black_Friday.jpg","heading":"Last Minute Gift Cards","heading_size":"h1","subheading":"","button_label":"Offer a Gift Card","link":"shopify:\/\/collections\/gift-card","button_style_secondary":false,"box_align":"top-center","show_text_box":false,"text_alignment":"center","image_overlay_opacity":50,"color_scheme":"inverse","text_alignment_mobile":"center"}},"template--14586186596418__5c578ee0-d188-4b0c-aa3c-7752016e39f4-1684923493e7f309bc-0":{"type":"slide","settings":{"image":"shopify:\/\/shop_images\/vkngjewelry_viking_jewelry_clothes3-transformed-2.jpg","heading":"Up to 50% Off","heading_size":"h1","subheading":"Winter Sales : January 2nd - 31st","button_label":"View Thor's Hammers","link":"shopify:\/\/collections\/thors-hammer","button_style_secondary":false,"box_align":"top-center","show_text_box":false,"text_alignment":"center","image_overlay_opacity":50,"color_scheme":"inverse","text_alignment_mobile":"center"}},"template--14586186596418__5c578ee0-d188-4b0c-aa3c-7752016e39f4-1684923493e7f309bc-1":{"type":"slide","settings":{"image":"shopify:\/\/shop_images\/vkngjewelry_viking_jewelry_clothes2.jpg","heading":"GIFT BOXES","heading_size":"h1","subheading":"For Her and Him","button_label":"View Gift Boxes","link":"shopify:\/\/collections\/gift-boxes","button_style_secondary":false,"box_align":"top-center","show_text_box":false,"text_alignment":"center","image_overlay_opacity":50,"color_scheme":"inverse","text_alignment_mobile":"center"}},"69051122-3cb7-4483-aa03-40654bed9b5c":{"type":"slide","settings":{"image":"shopify:\/\/shop_images\/vkngjewelry_viking_jewelry_clothes5.jpg","heading":"Viking Wedding Rings","heading_size":"h1","subheading":"","button_label":"View Wedding Rings","link":"shopify:\/\/collections\/wedding","button_style_secondary":false,"box_align":"top-center","show_text_box":false,"text_alignment":"center","image_overlay_opacity":50,"color_scheme":"inverse","text_alignment_mobile":"center"}},"bf6d01eb-2e29-496e-b963-eecc555c6d87":{"type":"slide","settings":{"image":"shopify:\/\/shop_images\/vkngjewelry_viking_jewelry_clothes4.jpg","heading":"Historical Viking Clothing","heading_size":"h1","subheading":"","button_label":"View Historical Collection","link":"shopify:\/\/collections\/historical","button_style_secondary":false,"box_align":"top-center","show_text_box":false,"text_alignment":"center","image_overlay_opacity":50,"color_scheme":"inverse","text_alignment_mobile":"center"}}},"block_order":["be4ab87f-79ac-4888-b6d3-a0c72ed29da4","template--14586186596418__5c578ee0-d188-4b0c-aa3c-7752016e39f4-1684923493e7f309bc-0","template--14586186596418__5c578ee0-d188-4b0c-aa3c-7752016e39f4-1684923493e7f309bc-1","69051122-3cb7-4483-aa03-40654bed9b5c","bf6d01eb-2e29-496e-b963-eecc555c6d87"],"custom_css":[".banner__text,h2 {color: #cda349;}",".button {color: #fff; background: #cda349;}"],"settings":{"layout":"full_bleed","slide_height":"medium","slider_visual":"counter","auto_rotate":true,"change_slides_speed":7,"show_text_below":false,"accessibility_info":"Slideshow about our brand"}},"55afdf0d-fb63-4842-8c14-d41b26c7ab6b":{"type":"multicolumn","blocks":{"template--19667742294344__55afdf0d-fb63-4842-8c14-d41b26c7ab6b-column-1":{"type":"column","settings":{"image":"shopify:\/\/shop_images\/vkngjewelry_viking_jewelry_collections3.jpg","title":"VIKING","text":"","text1":"","link_label":"Go To","link":"shopify:\/\/collections\/viking"}},"template--19667742294344__55afdf0d-fb63-4842-8c14-d41b26c7ab6b-column-2":{"type":"column","settings":{"image":"shopify:\/\/shop_images\/vkngjewelry_viking_jewelry_collections1.jpg","title":"CELTIC","text":"","text1":"","link_label":"Go To","link":"shopify:\/\/collections\/celtic"}},"template--19667742294344__55afdf0d-fb63-4842-8c14-d41b26c7ab6b-column-3":{"type":"column","settings":{"image":"shopify:\/\/shop_images\/vkngjewelry_viking_jewelry_collections5.jpg","title":"WICCAN","text":"","text1":"","link_label":"Go To","link":"shopify:\/\/collections\/wiccan"}},"8b2b22fa-6417-42ec-b544-39df14567af1":{"type":"column","settings":{"image":"shopify:\/\/shop_images\/vkngjewelry_viking_jewelry_collections4.jpg","title":"MEDIEVAL","text":"","text1":"","link_label":"Go To","link":"shopify:\/\/collections\/medieval"}}},"block_order":["template--19667742294344__55afdf0d-fb63-4842-8c14-d41b26c7ab6b-column-1","template--19667742294344__55afdf0d-fb63-4842-8c14-d41b26c7ab6b-column-2","template--19667742294344__55afdf0d-fb63-4842-8c14-d41b26c7ab6b-column-3","8b2b22fa-6417-42ec-b544-39df14567af1"],"settings":{"title":"Select Your Style:","heading_size":"h1","image_width":"full","image_ratio":"adapt","columns_desktop":4,"column_alignment":"center","background_style":"primary","button_label":"","button_link":"","color_scheme":"inverse","columns_mobile":"2","swipe_on_mobile":false,"padding_top":36,"padding_bottom":36,"menu":""}},"16930642004f6e923c":{"type":"apps","blocks":{"5bb4757c-7fbe-453a-a410-ba8d691ac05c":{"type":"shopify:\/\/apps\/judge-me-reviews\/blocks\/featured_carousel\/61ccd3b1-a9f2-4160-9fe9-4fec8413e5d8","settings":{"maxwidth":1080}}},"block_order":["5bb4757c-7fbe-453a-a410-ba8d691ac05c"],"disabled":true,"settings":{"include_margins":true}},"featured_collection":{"type":"featured-collection","settings":{"title":"LAST PRODUCTS ADDED","heading_size":"h2","description":"","show_description":false,"description_style":"body","collection":"last-products-added","products_to_show":8,"columns_desktop":4,"full_width":false,"show_view_all":true,"view_all_style":"solid","enable_desktop_slider":false,"color_scheme":"background-1","image_ratio":"adapt","show_secondary_image":true,"show_vendor":false,"show_rating":false,"enable_quick_add":false,"columns_mobile":"2","swipe_on_mobile":false,"padding_top":28,"padding_bottom":36}},"multicolumn":{"type":"multicolumn","blocks":{"column1":{"type":"column","settings":{"image":"shopify:\/\/shop_images\/icon_shield_locker_secure_payment_vkngjewelry-8-2.jpg","title":"100% Safe & Secure Checkout","text":"","text1":"","link_label":"","link":""}},"column2":{"type":"column","settings":{"image":"shopify:\/\/shop_images\/icon_satisfied_or_refund_secure_payment_vkngjewelry-3-2.jpg","title":"Satisfied Or Refund","text":"","text1":"","link_label":"","link":""}},"column3":{"type":"column","settings":{"image":"shopify:\/\/shop_images\/img-1e.png","title":"Worldwide Tracking Order","text":"","text1":"","link_label":"","link":""}},"75e87293-53ef-4d6f-b92e-46855885bdbf":{"type":"column","settings":{"image":"shopify:\/\/shop_images\/img-1f.png","title":"Free Exchange Worldwide","text":"","text1":"","link_label":"","link":""}}},"block_order":["column1","column2","column3","75e87293-53ef-4d6f-b92e-46855885bdbf"],"settings":{"title":"","heading_size":"h1","image_width":"third","image_ratio":"adapt","columns_desktop":4,"column_alignment":"center","background_style":"none","button_label":"","button_link":"","color_scheme":"inverse","columns_mobile":"2","swipe_on_mobile":false,"padding_top":36,"padding_bottom":36,"menu":""}},"f4943927-f3cc-4855-8ded-a21c84cf0ecd":{"type":"collection-list","blocks":{"template--14586186596418__f4943927-f3cc-4855-8ded-a21c84cf0ecd-1673177809f4f6a642-0":{"type":"featured_collection","settings":{"collection":"thors-hammer"}},"template--14586186596418__f4943927-f3cc-4855-8ded-a21c84cf0ecd-1673177809f4f6a642-1":{"type":"featured_collection","settings":{"collection":"viking-rings"}},"template--14586186596418__f4943927-f3cc-4855-8ded-a21c84cf0ecd-1673177809f4f6a642-2":{"type":"featured_collection","settings":{"collection":"viking-bracelets"}},"e41c2438-93ed-47d6-a6b8-991aa9c80511":{"type":"featured_collection","settings":{"collection":"viking-watches"}},"5d152fcb-653f-4475-97ef-3caf8c5a9dfb":{"type":"featured_collection","settings":{"collection":"viking-necklaces"}},"31f571d3-619a-4bd3-99f2-c6a86a824b91":{"type":"featured_collection","settings":{"collection":"apparel"}},"151cfc30-f35e-4d0d-970f-eac77c90bb4f":{"type":"featured_collection","settings":{"collection":"belt-buckles"}},"40156fcd-4df9-4de1-b758-697f502781ee":{"type":"featured_collection","settings":{"collection":"historical"}},"025a02c6-d72f-41b3-b1ff-2fd9e17a649f":{"type":"featured_collection","settings":{"collection":"decoration"}},"44615b88-8bba-4c09-aae3-847899440509":{"type":"featured_collection","settings":{"collection":"gift-boxes"}},"b0b4e490-c062-4db7-9bc9-2f9f66ab5a52":{"type":"featured_collection","settings":{"collection":"armors"}},"298ee164-dfd7-436e-8e79-78cb3f78895d":{"type":"featured_collection","settings":{"collection":"gods-line"}}},"block_order":["template--14586186596418__f4943927-f3cc-4855-8ded-a21c84cf0ecd-1673177809f4f6a642-0","template--14586186596418__f4943927-f3cc-4855-8ded-a21c84cf0ecd-1673177809f4f6a642-1","template--14586186596418__f4943927-f3cc-4855-8ded-a21c84cf0ecd-1673177809f4f6a642-2","e41c2438-93ed-47d6-a6b8-991aa9c80511","5d152fcb-653f-4475-97ef-3caf8c5a9dfb","31f571d3-619a-4bd3-99f2-c6a86a824b91","151cfc30-f35e-4d0d-970f-eac77c90bb4f","40156fcd-4df9-4de1-b758-697f502781ee","025a02c6-d72f-41b3-b1ff-2fd9e17a649f","44615b88-8bba-4c09-aae3-847899440509","b0b4e490-c062-4db7-9bc9-2f9f66ab5a52","298ee164-dfd7-436e-8e79-78cb3f78895d"],"disabled":true,"settings":{"title":"Forge Your Legacy with Timeless Relics:","heading_size":"h1","image_ratio":"square","columns_desktop":4,"color_scheme":"inverse","show_view_all":false,"columns_mobile":"2","swipe_on_mobile":true,"padding_top":36,"padding_bottom":36}},"8c302f8d-14ad-454b-b11b-496e2081f6f5":{"type":"image-with-text","blocks":{"template--14586186596418__8c302f8d-14ad-454b-b11b-496e2081f6f5-heading-1":{"type":"heading","settings":{"heading":"","heading_size":"h1"}},"template--14586186596418__8c302f8d-14ad-454b-b11b-496e2081f6f5-text-1":{"type":"text","settings":{"text":"<p><strong>Authenticity<\/strong>: Our Viking horns are as authentic as they come. Crafted from natural materials and shaped by skilled artisans, each horn is a nod to the Viking age, ensuring you get a genuine piece of history.<\/p><p><strong>Handcrafted Excellence<\/strong>: Every item in our collection is handcrafted. This not only ensures unparalleled quality but also means that each horn or mug you purchase is unique, with its own set of patterns, textures, and stories.<\/p><p><strong>A Blend of Tradition and Modernity<\/strong>: While our Viking drinking horns are perfect for those looking to recreate the traditional Viking experience, our horn mugs offer a contemporary twist, making them suitable for modern-day use while still retaining the Viking essence.<\/p><p><strong>A Perfect Gift<\/strong>: Whether you're a history enthusiast, a lover of Viking lore, or someone who appreciates unique handcrafted items, our collection makes for the perfect gift. It's not just a drinking vessel; it's a piece of history, a conversation starter, and a testament to the rich Viking heritage.<\/p>","text_style":"body"}},"template--14586186596418__8c302f8d-14ad-454b-b11b-496e2081f6f5-button-1":{"type":"button","settings":{"button_label":"Discover This New Collection","button_link":"shopify:\/\/collections\/mugs-horns"}}},"block_order":["template--14586186596418__8c302f8d-14ad-454b-b11b-496e2081f6f5-heading-1","template--14586186596418__8c302f8d-14ad-454b-b11b-496e2081f6f5-text-1","template--14586186596418__8c302f8d-14ad-454b-b11b-496e2081f6f5-button-1"],"disabled":true,"settings":{"image":"shopify:\/\/shop_images\/AE-HM-0761.jpg","height":"adapt","desktop_image_width":"medium","layout":"image_first","desktop_content_position":"top","desktop_content_alignment":"left","content_layout":"no-overlap","color_scheme":"background-1","mobile_content_alignment":"left","padding_top":36,"padding_bottom":36}},"aaf01ad4-fa6d-4aba-af77-62728c7a2c64":{"type":"video","settings":{"heading":"","heading_size":"h1","cover_image":"shopify:\/\/shop_images\/vkngjewelry.jpg","video_url":"https:\/\/youtu.be\/-_lqIFl8xQU","description":"Vkng jewelry viking jewelry","full_width":true,"color_scheme":"background-1","padding_top":4,"padding_bottom":4}},"d687c850-c807-47a4-965e-474fa67eb9a6":{"type":"collage","blocks":{"template--14586186596418__d687c850-c807-47a4-965e-474fa67eb9a6-1673177809bff35cbb-1":{"type":"product","settings":{"product":"tree-of-life-camping-hatchet","second_image":false}},"2c135d61-deb6-4c44-b8d7-85149820476a":{"type":"product","settings":{"product":"viking-hammer","second_image":false}},"5e59a9b4-3ff1-4a6e-b96a-e02bc86fdac0":{"type":"collection","settings":{"collection":"decoration"}}},"block_order":["template--14586186596418__d687c850-c807-47a4-965e-474fa67eb9a6-1673177809bff35cbb-1","2c135d61-deb6-4c44-b8d7-85149820476a","5e59a9b4-3ff1-4a6e-b96a-e02bc86fdac0"],"disabled":true,"settings":{"heading":"","heading_size":"h1","desktop_layout":"left","mobile_layout":"collage","card_styles":"product-card-wrapper","color_scheme":"inverse","padding_top":20,"padding_bottom":20}},"fad6ff62-1dce-4880-a3ca-1f6a5057aae8":{"type":"newsletter","blocks":{"template--14586186596418__fad6ff62-1dce-4880-a3ca-1f6a5057aae8-1673206457888e80d5-0":{"type":"heading","settings":{"heading":"Get 5% Off for Your First Order","heading_size":"h1"}},"template--14586186596418__fad6ff62-1dce-4880-a3ca-1f6a5057aae8-1673206457888e80d5-1":{"type":"paragraph","settings":{"text":"<p>Subscribe to our emails<\/p>"}},"template--14586186596418__fad6ff62-1dce-4880-a3ca-1f6a5057aae8-1673206457888e80d5-2":{"type":"email_form","settings":{}}},"block_order":["template--14586186596418__fad6ff62-1dce-4880-a3ca-1f6a5057aae8-1673206457888e80d5-0","template--14586186596418__fad6ff62-1dce-4880-a3ca-1f6a5057aae8-1673206457888e80d5-1","template--14586186596418__fad6ff62-1dce-4880-a3ca-1f6a5057aae8-1673206457888e80d5-2"],"settings":{"color_scheme":"inverse","full_width":true,"padding_top":40,"padding_bottom":24}},"collage":{"type":"collage","blocks":{"99dc1e2a-7551-4b88-814e-ede376af1a42":{"type":"image","settings":{"image":"shopify:\/\/shop_images\/vkng_jewelry_viking_pendant_bracelet_ring_earrings_and_more_1.jpg","image_padding":false}},"bce67346-afe3-479f-b3e0-af5dfa2996eb":{"type":"image","settings":{"image":"shopify:\/\/shop_images\/vkng_jewelry_viking_pendant_bracelet_ring_earrings_and_more_2.jpg","image_padding":false}},"ee1ccf2e-ac37-40c9-88ad-2112d0a1da23":{"type":"image","settings":{"image":"shopify:\/\/shop_images\/vkngjewelry_viking_jewelry_clothes3.jpg","image_padding":false}}},"block_order":["99dc1e2a-7551-4b88-814e-ede376af1a42","bce67346-afe3-479f-b3e0-af5dfa2996eb","ee1ccf2e-ac37-40c9-88ad-2112d0a1da23"],"disabled":true,"settings":{"heading":"","heading_size":"h2","desktop_layout":"left","mobile_layout":"collage","card_styles":"product-card-wrapper","color_scheme":"inverse","padding_top":36,"padding_bottom":36}},"rich_text":{"type":"rich-text","blocks":{"heading":{"type":"heading","settings":{"heading":"<p>WELCOME TO V.K.N.G NORSE JEWELRY & ACCESSORIES<\/p>","heading_size":"h2"}},"text":{"type":"text","settings":{"text":"<p>Congratulations, you're about to be in the top 3%.<\/p><p>Here, we go out to <em>conquer the enlightened minds<\/em> with the commitment to offer you the <em>best experience<\/em>.<\/p><p><\/p><p>Here you will find the elite of <em><strong>Viking jewelry for men and women<\/strong><\/em>, but also the elite of <em>passionate customer service<\/em>.<\/p><p>We are here to help you bring out your Viking, warrior and pagan soul and we take this very seriously. <\/p><p><\/p><p>We are committed to give you the greatest Viking and Norse-inspired jewelry for sale on the web such as <a href=\"https:\/\/www.vkngjewelry.com\/collections\/viking-bracelets\" title=\"Viking Bracelets\">viking bracelets<\/a>, <a href=\"https:\/\/www.vkngjewelry.com\/collections\/viking-necklaces\" title=\"Viking Necklaces\">viking necklaces<\/a>, or even <a href=\"https:\/\/www.vkngjewelry.com\/collections\/viking-rings\" title=\"Viking Rings\">rings<\/a>. Like the \"horde\" that preceded you, you will leave satisfied and soon proud to display your values, head held high.<\/p>"}}},"block_order":["heading","text"],"disabled":true,"settings":{"desktop_content_position":"center","content_alignment":"center","color_scheme":"inverse","full_width":true,"padding_top":40,"padding_bottom":0}},"9cc763fd-1ab1-4efa-ba76-36cb53954c6e":{"type":"featured-blog","disabled":true,"settings":{"heading":"Blog posts","heading_size":"h1","blog":"how-to-improve-your-viking-style","post_limit":3,"columns_desktop":3,"color_scheme":"background-2","show_image":true,"show_date":false,"show_author":false,"show_view_all":false,"padding_top":36,"padding_bottom":0}},"8bcdc2d9-1f6e-4827-9cf1-b22c957f64ca":{"type":"collage","blocks":{"e85ecd1a-0f13-49d2-96ca-6983c011f14d":{"type":"image","settings":{"image":"shopify:\/\/shop_images\/vkngjewelry_viking_jewelry_clothes1.jpg","image_padding":false}},"15c1018f-fd89-44f9-a5df-75d70bd8978f":{"type":"image","settings":{"image":"shopify:\/\/shop_images\/1_4c607496-9c23-4dfd-a862-895385079e35.jpg","image_padding":false}}},"block_order":["e85ecd1a-0f13-49d2-96ca-6983c011f14d","15c1018f-fd89-44f9-a5df-75d70bd8978f"],"disabled":true,"settings":{"heading":"Gear up for historical re-enactments","heading_size":"h2","desktop_layout":"left","mobile_layout":"collage","card_styles":"product-card-wrapper","color_scheme":"inverse","padding_top":36,"padding_bottom":36}}},"order":["5c578ee0-d188-4b0c-aa3c-7752016e39f4","55afdf0d-fb63-4842-8c14-d41b26c7ab6b","16930642004f6e923c","featured_collection","multicolumn","f4943927-f3cc-4855-8ded-a21c84cf0ecd","8c302f8d-14ad-454b-b11b-496e2081f6f5","aaf01ad4-fa6d-4aba-af77-62728c7a2c64","d687c850-c807-47a4-965e-474fa67eb9a6","fad6ff62-1dce-4880-a3ca-1f6a5057aae8","collage","rich_text","9cc763fd-1ab1-4efa-ba76-36cb53954c6e","8bcdc2d9-1f6e-4827-9cf1-b22c957f64ca"]}