{"sections":{"8978ab4e-ddc7-4747-a55d-fefbe5db00a8":{"type":"rich-text","blocks":{"912f5eb8-efcf-4a95-8147-3dccb927ad73":{"type":"caption","settings":{"caption":"Build A Legacy:","text_style":"caption-with-letter-spacing","text_size":"medium"}}},"block_order":["912f5eb8-efcf-4a95-8147-3dccb927ad73"],"custom_css":[".rich-text {color: #fff; border-top: 1px solid #cda349; \/* Ajoute une bordure de couleur #cda349 *\/ padding: 10px; \/* Ajoute un espace entre le texte et la bordure *\/ border-bottom: 1px solid #cda349;}"],"settings":{"desktop_content_position":"center","content_alignment":"center","color_scheme":"inverse","full_width":true,"padding_top":4,"padding_bottom":4}},"main":{"type":"main-product","blocks":{"vendor":{"type":"text","settings":{"text":"","text_style":"uppercase"}},"ed7ded00-b040-467c-856d-927216482547":{"type":"custom_liquid","settings":{"custom_liquid":"{% if products.tags contains 'first-line' %}\n<div class=\"first-line-label-big\">First Line<\/div>\n{% endif %}\n{%  if products.tags contains 'premium-line' %}\n<div class=\"premium-line-label-big\">Premium Line<\/div>\n{% endif %}\n{%  if products.tags contains 'gods-line' %}\n<div class=\"gods-line-label-big\">Gods Line<\/div>\n{% endif %}\n{%  if products.tags contains 'raw-line' %}\n<div class=\"first-line-label-big raw-line\">Raw Line<\/div>\n{% endif %}"}},"title":{"type":"title","settings":{}},"a474802d-e560-4168-bee0-255c9586733e":{"type":"shopify:\/\/apps\/judge-me-reviews\/blocks\/preview_badge\/61ccd3b1-a9f2-4160-9fe9-4fec8413e5d8","settings":{}},"price":{"type":"price","settings":{}},"ea335b01-3b98-4a12-83d1-b77ccdc964b8":{"type":"custom_liquid","settings":{"custom_liquid":"<div class=\"meta-li-text\">\n{{ product.metafields.custom.bullet_points_text }}\n<\/div>"}},"87ed46f2-3937-4163-8b3c-a6b9d9f34764":{"type":"popup","settings":{"text":"Size guide","page":"size-guide"}},"variant_picker":{"type":"variant_picker","settings":{"picker_type":"dropdown"}},"f4b37ed4-8852-4ccc-b7d5-9580921db1d4":{"type":"custom_liquid","settings":{"custom_liquid":"<div class=\"inventoryNote\">  <\/div> \n\n{% assign current_variant = product.selected_or_first_available_variant %}\n  <div class=\"form__label\">\n  {% if current_variant.available %}\n    {% if current_variant.inventory_quantity > 0 and current_variant.inventory_quantity <= 10 %}\n    <div class=\"tooltip\">\n    \t<span> <b> 🔴 In stock <\/b>  <\/span>  <span class=\"tooltiptext\"> We have <div id=\"varint--value\">  {{ current_variant.inventory_quantity }} <\/div> in stock ready to be shipped today (for orders placed before 11am on weekdays)<\/span>\n    <\/div>\n{% elsif current_variant.inventory_quantity > 10 %}\n<div class=\"tooltip\"> <span> <b> 🟢 In stock Guaranteed delivery in time for Christmas with express shipping<\/b><\/span>\n <span class=\"tooltiptext\">  We have more than 10 in stock ready to be shipped today (for orders placed before 11am on weekdays) <\/span>\n<\/div>\n    {% endif %}\n  {% endif %}\n<\/div>"}},"quantity_selector":{"type":"quantity_selector","settings":{}},"buy_buttons":{"type":"buy_buttons","settings":{"show_dynamic_checkout":false,"timer2":false,"timer":"Dec 21, 2023 23:59:59"}},"596a6e95-4ced-4bf8-ac45-d6c36e9c6eed":{"type":"custom_liquid","settings":{"custom_liquid":"<div style=\"text-align: center;\">\n    <div>\n        <img src=\"https:\/\/cdn.shopify.com\/s\/files\/1\/0007\/6935\/9938\/files\/vkngjewelry_payments.png?v=1646856696\" alt=\"\" style=\"width: 45%; display: inline-block;\">\n        <img src=\"https:\/\/cdn.shopify.com\/s\/files\/1\/0007\/6935\/9938\/files\/Group_4.png?v=1646136491\" alt=\"\" style=\"width: 45%; display: inline-block;\">\n    <\/div>"}},"dc4e7679-5dde-4e44-8787-7d0251eec277":{"type":"custom_liquid","settings":{"custom_liquid":"<p id=\"demo\"><\/p>"}},"e27e2893-9ff0-4df9-bb5f-00c49b579723":{"type":"shopify:\/\/apps\/bundler\/blocks\/bundler-target-element\/7a6ae1b8-3b16-449b-8429-8bb89a62c664","settings":{}},"132057d0-24a7-4631-84a7-994281f09b15":{"type":"custom_liquid","settings":{"custom_liquid":"<div style=\"text-align: center;\">\n    WINTER SALE: <br>From January 2nd to 31st get 15% extra off with code \"WINTERSALE\"\n<\/div>"}},"241ef047-ced3-4e17-8552-dddb9b94b7e0":{"type":"custom_liquid","disabled":true,"settings":{"custom_liquid":"{% if product.metafields.custom.text_under_add_to_chart_button != blank %}\n              <p>{{ product.metafields.custom.text_under_add_to_chart_button }} <\/p>\n            {% else %}\n              <p> YULE OFFER: Until December 21st: <br>\nA Vegvisir Pendant (worth 29.90$) Offered For Any Product Ordered in the <a href=\"https:\/\/www.vkngjewelry.com\/collections\/first-line\" target=\"_blank\">First Line Collection<\/a>  <\/p>\n            {% endif %}"}},"collapsible-row-0":{"type":"collapsible_tab","settings":{"heading":"Description : What does this product represent?","icon":"question_mark","content":"","custom_liquid2":"{{ product.metafields.custom.third_tab_description }}","page":""}},"dedca89b-efff-4e02-a209-9615fe120edf":{"type":"collapsible_tab","settings":{"heading":"Additional Informations","icon":"ruler","content":"","custom_liquid2":"{{ product.metafields.custom.first_tab_description }}","page":""}},"description":{"type":"description","disabled":true,"settings":{}},"fbee6fcc-1e5f-4fca-a826-e6eb66e9a43f":{"type":"complementary","settings":{"block_heading":"Pairs well with","make_collapsible_row":false,"icon":"price_tag","product_list_limit":10,"products_per_page":3,"pagination_style":"counter","image_ratio":"square","enable_quick_add":true}},"36ccf781-29d4-4f9b-927a-7b05cf538a9f":{"type":"custom_liquid","disabled":true,"settings":{"custom_liquid":"{% for tag in product.tags %}\n            \n            \t{% if tag == 'first-line' or tag == 'dhl' %}\n\n<!--PETAR--> \n             <div class=\"product-custom-order\"> <div class=\"custom-order-heading\"> <img src=\"https:\/\/cdn.shopify.com\/s\/files\/1\/0007\/6935\/9938\/files\/contact.webp?v=1663768644\" alt=\"Contact options\" width=\"62\" height=\"40\"> <p class=\"custom-order-center\"><b>Custom Order<\/b><\/p><\/div> <p>Would you like our craftsmen to make your unique design? Or did you want one of our original designs in gold?<\/p> <p>We can make any pendant, ring, or armring in bronze, silver, gold, or platinum. It's your choice.<\/p> <p class=\"custom-order-center\"><a href=\"https:\/\/www.vkngjewelry.com\/pages\/contact-premium-viking-jewelry-online\">Contact us to discuss your project.<\/a><\/p><\/div>\n<!--PETAR-->\n            \n            \t{% endif %}\n            \n           \n{% if tag == 'made on demand' %}\n<div class=\"product-custom-order\">\n<div class=\"custom-order-heading\">\n<img src=\"https:\/\/cdn.shopify.com\/s\/files\/1\/0007\/6935\/9938\/files\/notebook.png\" height=\"40\" width=\"62\">\n<p class=\"custom-order-center\"><b>Made On Demand<\/b><\/p>\n<\/div>\n<p> This products is made on demand, which means a delay of 7-14 workings days before shipment as our craftsmen make your special order.<\/p>\n\n<\/div>\n{% endif %}\n \n            \n            {% endfor %}"}}},"block_order":["vendor","ed7ded00-b040-467c-856d-927216482547","title","a474802d-e560-4168-bee0-255c9586733e","price","ea335b01-3b98-4a12-83d1-b77ccdc964b8","87ed46f2-3937-4163-8b3c-a6b9d9f34764","variant_picker","f4b37ed4-8852-4ccc-b7d5-9580921db1d4","quantity_selector","buy_buttons","596a6e95-4ced-4bf8-ac45-d6c36e9c6eed","dc4e7679-5dde-4e44-8787-7d0251eec277","e27e2893-9ff0-4df9-bb5f-00c49b579723","132057d0-24a7-4631-84a7-994281f09b15","241ef047-ced3-4e17-8552-dddb9b94b7e0","collapsible-row-0","dedca89b-efff-4e02-a209-9615fe120edf","description","fbee6fcc-1e5f-4fca-a826-e6eb66e9a43f","36ccf781-29d4-4f9b-927a-7b05cf538a9f"],"settings":{"enable_sticky_info":true,"media_position":"left","gallery_layout":"thumbnail_slider","media_size":"medium","mobile_thumbnails":"hide","hide_variants":true,"enable_video_looping":false,"padding_top":20,"padding_bottom":12}},"334f540a-cb5f-4d9b-83a3-ad3a34d854df":{"type":"multicolumn","blocks":{"template--19778726920520__334f540a-cb5f-4d9b-83a3-ad3a34d854df-column-1":{"type":"column","settings":{"image":"shopify:\/\/shop_images\/icon_shield_locker_secure_payment_vkngjewelry-8-2.jpg","title":"100% Safe & Secure Checkout","text":"","text1":"<p>✔ You benefit from an <strong>encrypted and secure<\/strong>payment in your currency<br\/><br\/>✔ <strong>Payment in instalments<\/strong> available with Paypal<\/p><p>✔ You will be delivered with a <strong>tracked package <\/strong>anywhere in the world<\/p>","link_label":"","link":""}},"template--19778726920520__334f540a-cb5f-4d9b-83a3-ad3a34d854df-column-2":{"type":"column","settings":{"image":"shopify:\/\/shop_images\/icon_satisfied_or_refund_secure_payment_vkngjewelry-3-2.jpg","title":"Satisfied Or Refund","text":"","text1":"<p>✔ <strong>14 days<\/strong> satisfied or refund<\/p><p><br\/>✔ You have the <strong>guarantee of durability<\/strong><\/p><p>✔ You benefit from an <strong>easy, fast and free<\/strong> exchange<\/p><p>✔ You have the assurance of a <strong>fast and available <\/strong>customer service<\/p>","link_label":"","link":""}},"template--19778726920520__334f540a-cb5f-4d9b-83a3-ad3a34d854df-column-3":{"type":"column","settings":{"image":"shopify:\/\/shop_images\/VKNGjewelry_Icons-2-2.jpg","title":"Handmade Products","text":"","text1":"<p>We work with small European artisans, and the vast majority of our products are handmade with the utmost care.<\/p>","link_label":"","link":""}},"45b3316b-a072-4ff5-bbbe-68bdc2cdbd1b":{"type":"column","settings":{"image":"shopify:\/\/shop_images\/VKNGjewelry_Icons_3.jpg","title":"Worldwide Free Shipping","text":"","text1":"<p>✔<strong> Standard international<\/strong> tracked shipping is $9.90<\/p><p><strong>It is FREE for all orders over $70<br\/><br\/><\/strong>✔<strong>Delivery time:<\/strong> Between 4 and 20 days depending on your order and country.<\/p><p>✔<strong> International Express<\/strong> delivery starts at $20.90 with a delivery time between 2 and 7 days (depending on the country).<\/p><p>It is included for all orders over $200<\/p><p>✔ <em>Express delivery is only available for products stored in France. If the Express option is not offered at checkout, it means that the order must be made on demand (or part of the order).<\/em><\/p><p><a href=\"https:\/\/www.vkngjewelry.com\/pages\/faqs\"><span style=\"text-decoration:underline\"><strong>Full FAQ's<\/strong><\/span><\/a><\/p>","link_label":"","link":""}},"80a7aa71-4b74-4b83-8985-7bf5fb7a1389":{"type":"column","settings":{"image":"shopify:\/\/shop_images\/VKNGjewelry_Icons_4.jpg","title":"Free Exchange Worldwide","text":"","text1":"<p>✔<strong> Wrong size?<\/strong> No worries, easy return & new shipment free of charge.<\/p>","link_label":"","link":""}},"6c83391d-551a-45c2-8c69-b602c5bcad9c":{"type":"column","settings":{"image":"shopify:\/\/shop_images\/VKNGjewelry_Icons_5.jpg","title":"Custom Orders","text":"","text1":"<p>✔Would you like our craftsmen to make your unique design? <br\/><br\/>✔Or did you want one of our original designs in gold?<br\/><br\/>✔We can make any pendant, ring, or armring in bronze, silver, gold, or platinum. It's your choice.<br\/><br\/>Contact us to discuss your project.<\/p>","link_label":"","link":""}}},"block_order":["template--19778726920520__334f540a-cb5f-4d9b-83a3-ad3a34d854df-column-1","template--19778726920520__334f540a-cb5f-4d9b-83a3-ad3a34d854df-column-2","template--19778726920520__334f540a-cb5f-4d9b-83a3-ad3a34d854df-column-3","45b3316b-a072-4ff5-bbbe-68bdc2cdbd1b","80a7aa71-4b74-4b83-8985-7bf5fb7a1389","6c83391d-551a-45c2-8c69-b602c5bcad9c"],"settings":{"title":"","heading_size":"h2","image_width":"half","image_ratio":"adapt","columns_desktop":6,"column_alignment":"center","background_style":"none","button_label":"","button_link":"","color_scheme":"inverse","columns_mobile":"2","swipe_on_mobile":false,"padding_top":24,"padding_bottom":28,"menu":""}},"94fa1c6e-8f93-42ba-bdb2-211089d1f614":{"type":"custom-liquid","custom_css":[".product-custom-order {max-width: 120rem; margin-left: auto; margin-right: auto;}"],"settings":{"custom_liquid":"{% for tag in product.tags %}\n            \n            \n           \n{% if tag == 'made on demand' %}\n<div class=\"product-custom-order\">\n<div class=\"custom-order-heading\">\n<img src=\"https:\/\/cdn.shopify.com\/s\/files\/1\/0007\/6935\/9938\/files\/notebook.png\" height=\"40\" width=\"62\">\n<p class=\"custom-order-center\"><b>Made On Demand<\/b><\/p>\n<\/div>\n<p> This products is made on demand, which means a delay of 7-14 workings days before shipment as our craftsmen make your special order.<\/p>\n\n<\/div>\n{% endif %}\n \n            \n            {% endfor %}","color_scheme":"background-1","padding_top":40,"padding_bottom":52}},"1bbff711-ffb9-4741-88a0-44daa9a50c9f":{"type":"custom-liquid","disabled":true,"custom_css":[".product-custom-order {max-width: 120rem; margin-left: auto; margin-right: auto;}"],"settings":{"custom_liquid":"<div class=\"page-width  custom-meta-ke-liye-hide\"> {{ product.description }}  <\/div>","color_scheme":"background-1","padding_top":40,"padding_bottom":52}},"1701250847664a9cec":{"type":"apps","blocks":{"f13ae541-0b1f-4a61-8c97-8becec396baa":{"type":"shopify:\/\/apps\/judge-me-reviews\/blocks\/review_widget\/61ccd3b1-a9f2-4160-9fe9-4fec8413e5d8","settings":{}}},"block_order":["f13ae541-0b1f-4a61-8c97-8becec396baa"],"settings":{"include_margins":true}},"loox-product-reviews-app-section":{"type":"apps","blocks":{"b514a347-3af1-47e3-98e6-12c49e826853":{"type":"shopify:\/\/apps\/bundler\/blocks\/volume-target-element\/7a6ae1b8-3b16-449b-8429-8bb89a62c664","settings":{}}},"block_order":["b514a347-3af1-47e3-98e6-12c49e826853"],"settings":{"include_margins":true}},"ed318ac6-b634-4f9f-ac34-3d3e827348d1":{"type":"collage","blocks":{"72a45238-41f3-4427-a673-ef12d5c3463d":{"type":"image","settings":{"image":"shopify:\/\/shop_images\/Handmade_Craftsmanship_2.jpg","image_padding":false}},"f4a0457d-7125-4b4e-9dbe-1d9e90538f7e":{"type":"image","settings":{"image":"shopify:\/\/shop_images\/Handmade_Craftsmanship_3.jpg","image_padding":false}},"f17da7c8-16b4-4ba4-95c0-4e6644007c9a":{"type":"image","settings":{"image":"shopify:\/\/shop_images\/Handmade_Craftsmanship.jpg","image_padding":false}}},"block_order":["72a45238-41f3-4427-a673-ef12d5c3463d","f4a0457d-7125-4b4e-9dbe-1d9e90538f7e","f17da7c8-16b4-4ba4-95c0-4e6644007c9a"],"settings":{"heading":"Handmade Craftsmanship","heading_size":"h1","desktop_layout":"right","mobile_layout":"collage","card_styles":"product-card-wrapper","color_scheme":"inverse","padding_top":36,"padding_bottom":36}},"product-recommendations":{"type":"product-recommendations","disabled":true,"settings":{"heading":"You may also like","heading_size":"h2","products_to_show":4,"columns_desktop":4,"color_scheme":"inverse","image_ratio":"square","show_secondary_image":true,"show_vendor":false,"show_rating":false,"columns_mobile":"2","padding_top":36,"padding_bottom":28}},"image-with-text":{"type":"image-with-text","blocks":{"image-with-text-0":{"type":"heading","settings":{"heading":"Gold Viking Jewelry","heading_size":"h1"}},"image-with-text-1":{"type":"text","settings":{"text":"","text_style":"subtitle"}},"c4bcfda3-b49a-4bce-93bf-4300f022332a":{"type":"button","settings":{"button_label":"View Gods Line","button_link":"shopify:\/\/collections\/gods-line"}}},"block_order":["image-with-text-0","image-with-text-1","c4bcfda3-b49a-4bce-93bf-4300f022332a"],"disabled":true,"settings":{"image":"shopify:\/\/shop_images\/Thor_sHammerMjolnirfromMammenVillageSmallGoldPendant_2-transformed-2.jpg","height":"adapt","desktop_image_width":"medium","layout":"text_first","desktop_content_position":"top","desktop_content_alignment":"left","content_layout":"overlap","color_scheme":"inverse","mobile_content_alignment":"left","padding_top":20,"padding_bottom":0}},"70249e14-60ca-45d7-8906-635332ef9547":{"type":"featured-collection","settings":{"title":"Last Products Added","heading_size":"h1","description":"","show_description":false,"description_style":"subtitle","collection":"last-products-added","products_to_show":12,"columns_desktop":5,"full_width":true,"show_view_all":true,"view_all_style":"solid","enable_desktop_slider":true,"color_scheme":"inverse","image_ratio":"adapt","show_secondary_image":true,"show_vendor":false,"show_rating":false,"enable_quick_add":false,"columns_mobile":"2","swipe_on_mobile":false,"padding_top":36,"padding_bottom":36}}},"order":["8978ab4e-ddc7-4747-a55d-fefbe5db00a8","main","334f540a-cb5f-4d9b-83a3-ad3a34d854df","94fa1c6e-8f93-42ba-bdb2-211089d1f614","1bbff711-ffb9-4741-88a0-44daa9a50c9f","1701250847664a9cec","loox-product-reviews-app-section","ed318ac6-b634-4f9f-ac34-3d3e827348d1","product-recommendations","image-with-text","70249e14-60ca-45d7-8906-635332ef9547"]}