{"sections":{"8978ab4e-ddc7-4747-a55d-fefbe5db00a8":{"type":"rich-text","blocks":{"912f5eb8-efcf-4a95-8147-3dccb927ad73":{"type":"caption","settings":{"caption":"Build A Legacy:","text_style":"caption-with-letter-spacing","text_size":"medium"}}},"block_order":["912f5eb8-efcf-4a95-8147-3dccb927ad73"],"custom_css":[".rich-text {color: #fff; border-top: 1px solid #cda349; \/* Ajoute une bordure de couleur #cda349 *\/ padding: 10px; \/* Ajoute un espace entre le texte et la bordure *\/ border-bottom: 1px solid #cda349;}"],"settings":{"desktop_content_position":"center","content_alignment":"center","color_scheme":"inverse","full_width":true,"padding_top":4,"padding_bottom":4}},"main":{"type":"main-product","blocks":{"vendor":{"type":"text","settings":{"text":"","text_style":"body"}},"ed7ded00-b040-467c-856d-927216482547":{"type":"custom_liquid","settings":{"custom_liquid":"{% if products.tags contains 'first-line' %}\n<div class=\"first-line-label-big\">First Line<\/div>\n{% endif %}\n{%  if products.tags contains 'premium-line' %}\n<div class=\"premium-line-label-big\">Premium Line<\/div>\n{% endif %}\n{%  if products.tags contains 'gods-line' %}\n<div class=\"gods-line-label-big\">Gods Line<\/div>\n{% endif %}\n{%  if products.tags contains 'raw-line' %}\n<div class=\"first-line-label-big raw-line\">Raw Line<\/div>\n{% endif %}"}},"title":{"type":"title","settings":{}},"price":{"type":"price","settings":{}},"loox-rating":{"type":"shopify:\/\/apps\/loox-product-reviews-photos\/blocks\/loox-rating\/5c3b337f-fd14-4df5-b1d6-80ec13e6e28e","settings":{"contentSize":16,"pattern":"","hideText":false,"alignment":"","textColor":"","starColor":"","showAllReviews":false,"looxOpenFloatingWidget":false,"emptyRatingWidget":false}},"87ed46f2-3937-4163-8b3c-a6b9d9f34764":{"type":"popup","settings":{"text":"Size guide","page":"size-guide"}},"variant_picker":{"type":"variant_picker","settings":{"picker_type":"dropdown"}},"49cabef3-055d-4abe-b14f-8c8acad42336":{"type":"text","disabled":true,"settings":{"text":"2 items left In stock : Express Delivery Available (48\/72h)","text_style":"uppercase"}},"ea335b01-3b98-4a12-83d1-b77ccdc964b8":{"type":"custom_liquid","settings":{"custom_liquid":"{% assign current_variant = product.selected_or_first_available_variant %}\n  <div class=\"inventoryNote form__label\">\n  {% if current_variant.available %}\n    {% if current_variant.inventory_quantity > 0 and current_variant.inventory_quantity <= 10 %}<span>🔴We have <\/span>{{ current_variant.inventory_quantity }}<span> in stock ready to be shipped today (for orders placed before 11am on weekdays)<\/span>\n{% elsif current_variant.inventory_quantity > 10 %}<span>🟢We have more than 10 in stock ready to be shipped today (for orders placed before 11am on weekdays)\n    {% endif %}\n  {% endif %}"}},"quantity_selector":{"type":"quantity_selector","settings":{}},"buy_buttons":{"type":"buy_buttons","settings":{"show_dynamic_checkout":false,"timer2":false,"timer":"Oct 31, 2023 23:59:59"}},"e27e2893-9ff0-4df9-bb5f-00c49b579723":{"type":"shopify:\/\/apps\/bundler\/blocks\/bundler-target-element\/7a6ae1b8-3b16-449b-8429-8bb89a62c664","settings":{}},"132057d0-24a7-4631-84a7-994281f09b15":{"type":"custom_liquid","disabled":true,"settings":{"custom_liquid":"{% if product.metafields.custom.text_under_add_to_chart_button != blank %}\n              <p>{{ product.metafields.custom.text_under_add_to_chart_button }} <\/p>\n            {% else %}\n              <p> Until midnight on October 31st: <br>\n<B>30% discount on the <a href=\"https:\/\/www.vkngjewelry.com\/collections\/first-line\" target=\"_blank\">First Line Collection<\/a> with the code \"SAMHAIN\"<\/B>\n<B\/>\n            {% endif %}\n          <\/div>"}},"596a6e95-4ced-4bf8-ac45-d6c36e9c6eed":{"type":"custom_liquid","settings":{"custom_liquid":"<div style=\"text-align: center;\">\n    <div>\n        <img src=\"https:\/\/cdn.shopify.com\/s\/files\/1\/0007\/6935\/9938\/files\/vkngjewelry_payments.png?v=1646856696\" alt=\"\" style=\"width: 45%; display: inline-block;\">\n        <img src=\"https:\/\/cdn.shopify.com\/s\/files\/1\/0007\/6935\/9938\/files\/Group_4.png?v=1646136491\" alt=\"\" style=\"width: 45%; display: inline-block;\">\n    <\/div>\n    <div>\n        <img src=\"https:\/\/cdn.shopify.com\/s\/files\/1\/0007\/6935\/9938\/files\/icones_garantie_vkngjewelry-4-2.jpg?v=1696194328\" alt=\"\" style=\"width: 90%; display: block; margin: auto;\">\n    <\/div>\n<\/div>"}},"a3d5d8fc-c69c-46df-839e-4f794c472b93":{"type":"custom_liquid","settings":{"custom_liquid":"Wrong size? No worries, easy return & new shipment free of charge\n<div class=\"shipping-icon\">\n       <br>\n\t\t      <div class=\"dhl-express-shipping\">\n\n<div class=\"tooltip\">Worldwide FREE Shipping from 70.00 USD. <br> Free Express Shipping for orders higher than 200.00 USD <a>(?)<\/a><span class=\"tooltiptext\"> The DHL delivery time is between 1 and 7 working days depending on your country. Only available for products listed as currently in stock. You will automatically be shown the best delivery option available for your order.<\/span><\/div>\n                 \n <\/div>\n                  <\/div>"}},"cfc47278-e3c3-4293-888b-213a3a0076d3":{"type":"custom_liquid","settings":{"custom_liquid":"<div class=\"shipping-icon\">\n       \n\t\t      <div class=\"dhl-express-shipping\">\n             <div class=\"tooltip\">Handmade Production <a>(?)<\/a><span class=\"tooltiptext\"> We work with small European artisans, and the vast majority of our products are handmade with the utmost care.<\/span><\/div>\n                 \n <\/div>\n                  <\/div>\n\n\n <div class=\"dhl-express-shipping\">\n             <div class=\"tooltip\">Payment in instalments available. <a>(?)<\/a><span class=\"tooltiptext\"> Payment in 2 or 4 instalments is possible with PayPal for eligible accounts.<\/span><\/div>\n                 \n <\/div>\n                  <\/div>"}},"share":{"type":"share","disabled":true,"settings":{"share_label":"Share"}},"0391e6ce-f311-4d17-8c25-fac1bae1792f":{"type":"custom_liquid","disabled":true,"settings":{"custom_liquid":"<div>\n            {% if product.metafields.custom.text_under_add_to_chart_button != blank %}\n              <p>{{ product.metafields.custom.text_under_add_to_chart_button }} <\/p>\n            {% else %}\n              <p> Important: 2 of our partner workshops are closed until August 28. Products made to order cannot be manufactured before this date. However, you can pre-order them. <\/a> <\/p>\n            {% endif %}\n          <\/div>"}},"collapsible-row-0":{"type":"collapsible_tab","settings":{"heading":"Delivery & Return","icon":"plane","content":"<p>✔<strong> Wrong size?<\/strong> No worries, easy return & new shipment free of charge.<\/p><p>✔<strong>Delivery time:<\/strong> Between 5 and 20 days depending on your order and country.<strong><br\/><\/strong>✔<strong> Standard international<\/strong> tracked shipping is $9.90<\/p><p>It is included for all orders over $70<\/p><p>✔<strong> International Express<\/strong> delivery starts at $20.90 (depending on the country).<\/p><p>It is included for all orders over $200<\/p><p>✔ <em>Express delivery is only available for products stored in France. If the Express option is not offered at checkout, it means that the order must be made on demand (or part of the order).<\/em><\/p><p><a href=\"https:\/\/www.vkngjewelry.com\/pages\/faqs\"><span style=\"text-decoration:underline\"><strong>Full FAQ's<\/strong><\/span><\/a><\/p>","page":""}},"collapsible-row-2":{"type":"collapsible_tab","settings":{"heading":"Why Buy From Us","icon":"question_mark","content":"<p>✔ You have the <strong>guarantee of durability<\/strong><\/p><p>✔ You benefit from an <strong>easy, fast and free<\/strong> exchange<\/p><p>✔ You have the assurance of a <strong>fast and available<\/strong>customer service<\/p><p>✔ You benefit from an <strong>encrypted and secure<\/strong>payment in your currency<\/p><p>✔ You will be delivered with a <strong>tracked package<\/strong>anywhere in the world<\/p>","page":""}},"collapsible-row-1":{"type":"collapsible_tab","settings":{"heading":"Reviews","icon":"star","content":"<p><a href=\"https:\/\/www.vkngjewelry.com\/pages\/customers-reviews\" target=\"_blank\"><strong>Read all reviews!<\/strong><\/a><\/p>","page":"customers-reviews"}},"description":{"type":"description","disabled":true,"settings":{}},"36ccf781-29d4-4f9b-927a-7b05cf538a9f":{"type":"custom_liquid","settings":{"custom_liquid":"{% for tag in product.tags %}\n            \n            \t{% if tag == 'first-line' or tag == 'dhl' %}\n\n<!--PETAR--> \n             <div class=\"product-custom-order\"> <div class=\"custom-order-heading\"> <img src=\"https:\/\/cdn.shopify.com\/s\/files\/1\/0007\/6935\/9938\/files\/contact.webp?v=1663768644\" alt=\"Contact options\" width=\"62\" height=\"40\"> <p class=\"custom-order-center\"><b>Custom Order<\/b><\/p><\/div> <p>Would you like our craftsmen to make your unique design? Or did you want one of our original designs in gold?<\/p> <p>We can make any pendant, ring, or armring in bronze, silver, gold, or platinum. It's your choice.<\/p> <p class=\"custom-order-center\"><a href=\"https:\/\/www.vkngjewelry.com\/pages\/contact-premium-viking-jewelry-online\">Contact us to discuss your project.<\/a><\/p><\/div>\n<!--PETAR-->\n            \n            \t{% endif %}\n            \n           \n{% if tag == 'made on demand' %}\n<div class=\"product-custom-order\">\n<div class=\"custom-order-heading\">\n<img src=\"https:\/\/cdn.shopify.com\/s\/files\/1\/0007\/6935\/9938\/files\/notebook.png\" height=\"40\" width=\"62\">\n<p class=\"custom-order-center\"><b>Made On Demand<\/b><\/p>\n<\/div>\n<p> This products is made on demand, which means a delay of 7-14 workings days before shipment as our craftsmen make your special order.<\/p>\n\n<\/div>\n{% endif %}\n \n            \n            {% endfor %}"}},"fbee6fcc-1e5f-4fca-a826-e6eb66e9a43f":{"type":"complementary","settings":{"block_heading":"Pairs well with","make_collapsible_row":false,"icon":"price_tag","product_list_limit":10,"products_per_page":3,"pagination_style":"counter","image_ratio":"square","enable_quick_add":true}}},"block_order":["vendor","ed7ded00-b040-467c-856d-927216482547","title","price","loox-rating","87ed46f2-3937-4163-8b3c-a6b9d9f34764","variant_picker","49cabef3-055d-4abe-b14f-8c8acad42336","ea335b01-3b98-4a12-83d1-b77ccdc964b8","quantity_selector","buy_buttons","e27e2893-9ff0-4df9-bb5f-00c49b579723","132057d0-24a7-4631-84a7-994281f09b15","596a6e95-4ced-4bf8-ac45-d6c36e9c6eed","a3d5d8fc-c69c-46df-839e-4f794c472b93","cfc47278-e3c3-4293-888b-213a3a0076d3","share","0391e6ce-f311-4d17-8c25-fac1bae1792f","collapsible-row-0","collapsible-row-2","collapsible-row-1","description","36ccf781-29d4-4f9b-927a-7b05cf538a9f","fbee6fcc-1e5f-4fca-a826-e6eb66e9a43f"],"settings":{"enable_sticky_info":true,"media_position":"left","gallery_layout":"thumbnail_slider","media_size":"medium","mobile_thumbnails":"hide","hide_variants":true,"enable_video_looping":false,"padding_top":20,"padding_bottom":12}},"1bbff711-ffb9-4741-88a0-44daa9a50c9f":{"type":"custom-liquid","settings":{"custom_liquid":"<div class=\"page-width\"> {{ product.description }}  <\/div>","color_scheme":"background-1","padding_top":40,"padding_bottom":52}},"loox-product-reviews-app-section":{"type":"apps","blocks":{"loox-product-reviews":{"type":"shopify:\/\/apps\/loox-product-reviews-photos\/blocks\/loox-dynamic-section\/5c3b337f-fd14-4df5-b1d6-80ec13e6e28e","settings":{"only_photos":false,"aggregated":true,"limit":10,"hide_thumbnails":true,"maxwidth":760}},"b514a347-3af1-47e3-98e6-12c49e826853":{"type":"shopify:\/\/apps\/bundler\/blocks\/volume-target-element\/7a6ae1b8-3b16-449b-8429-8bb89a62c664","settings":{}}},"block_order":["loox-product-reviews","b514a347-3af1-47e3-98e6-12c49e826853"],"settings":{"include_margins":true}},"product-recommendations":{"type":"product-recommendations","settings":{"heading":"You may also like","heading_size":"h2","products_to_show":4,"columns_desktop":4,"color_scheme":"inverse","image_ratio":"square","show_secondary_image":true,"show_vendor":false,"show_rating":false,"columns_mobile":"2","padding_top":36,"padding_bottom":28}},"image-with-text":{"type":"image-with-text","blocks":{"image-with-text-0":{"type":"heading","settings":{"heading":"Gold Viking Jewelry","heading_size":"h1"}},"image-with-text-1":{"type":"text","settings":{"text":"","text_style":"subtitle"}},"c4bcfda3-b49a-4bce-93bf-4300f022332a":{"type":"button","settings":{"button_label":"View Gods Line","button_link":"shopify:\/\/collections\/gods-line"}}},"block_order":["image-with-text-0","image-with-text-1","c4bcfda3-b49a-4bce-93bf-4300f022332a"],"settings":{"image":"shopify:\/\/shop_images\/Thor_sHammerMjolnirfromMammenVillageSmallGoldPendant_2-transformed-2.jpg","height":"adapt","desktop_image_width":"medium","layout":"text_first","desktop_content_position":"top","desktop_content_alignment":"left","content_layout":"overlap","color_scheme":"inverse","mobile_content_alignment":"left","padding_top":20,"padding_bottom":0}},"70249e14-60ca-45d7-8906-635332ef9547":{"type":"featured-collection","settings":{"title":"Last Products Added","heading_size":"h1","description":"","show_description":false,"description_style":"subtitle","collection":"last-products-added","products_to_show":12,"columns_desktop":4,"full_width":false,"show_view_all":true,"view_all_style":"solid","enable_desktop_slider":true,"color_scheme":"inverse","image_ratio":"adapt","show_secondary_image":false,"show_vendor":false,"show_rating":false,"enable_quick_add":false,"columns_mobile":"2","swipe_on_mobile":false,"padding_top":36,"padding_bottom":36}}},"order":["8978ab4e-ddc7-4747-a55d-fefbe5db00a8","main","1bbff711-ffb9-4741-88a0-44daa9a50c9f","loox-product-reviews-app-section","product-recommendations","image-with-text","70249e14-60ca-45d7-8906-635332ef9547"]}